Homo_sapiens_XM_054342996.1-KDM3A	SRR31361878.52053233	8.12e-41	3966	3
Homo_sapiens_XM_054342996.1-KDM3A	SRR31361881.86207440	3.23e-33	3966	2
Homo_sapiens_XM_054342996.1-KDM3A	SRR31361879.13228948	1.13e-32	3966	2
Homo_sapiens_XM_054342996.1-KDM3A	SRR31361884.61699011	8.13e-22	3966	3
Homo_sapiens_XM_054342996.1-KDM3A	SRR31361884.56755981	8.13e-22	3966	3
Homo_sapiens_XM_054342996.1-KDM3A	SRR31361884.46302796	8.13e-22	3966	3
Homo_sapiens_XM_054342996.1-KDM3A	SRR31361884.46302795	8.13e-22	3966	3
Homo_sapiens_XM_054342996.1-KDM3A	SRR31361883.64632192	8.13e-22	3966	3
Homo_sapiens_XM_054342996.1-KDM3A	SRR31361883.38615480	8.13e-22	3966	3
Homo_sapiens_XM_054342996.1-KDM3A	SRR31361883.30018652	8.13e-22	3966	3
Homo_sapiens_XM_054342996.1-KDM3A	SRR31361883.29923495	8.13e-22	3966	3
Homo_sapiens_XM_054342996.1-KDM3A	SRR31361883.28352360	8.13e-22	3966	3
Homo_sapiens_XM_054342996.1-KDM3A	SRR31361882.54836488	8.13e-22	3966	3
Homo_sapiens_XM_054342996.1-KDM3A	SRR31361882.39550970	8.13e-22	3966	3
Homo_sapiens_XM_054342996.1-KDM3A	SRR31361882.9842047	8.13e-22	3966	3
Homo_sapiens_XM_054342996.1-KDM3A	SRR31361879.32707175	8.13e-22	3966	3
Homo_sapiens_XM_054342996.1-KDM3A	SRR31361879.1442106	8.13e-22	3966	3
Homo_sapiens_XM_054342996.1-KDM3A	SRR31361877.46558204	8.13e-22	3966	3
Homo_sapiens_XM_054342996.1-KDM3A	SRR31361877.46280874	8.13e-22	3966	3
Homo_sapiens_XM_054342996.1-KDM3A	SRR31361877.19950249	8.13e-22	3966	3
Homo_sapiens_XM_054342996.1-KDM3A	SRR31361884.85591261	2.84e-21	3966	2
Homo_sapiens_XM_054342996.1-KDM3A	SRR31361884.48948473	2.84e-21	3966	2
Homo_sapiens_XM_054342996.1-KDM3A	SRR31361882.95443176	2.84e-21	3966	2
Homo_sapiens_XM_054342996.1-KDM3A	SRR31361880.52427910	2.84e-21	3966	2
Homo_sapiens_XM_054342996.1-KDM3A	SRR31361880.52427899	2.84e-21	3966	2
Homo_sapiens_XM_054342996.1-KDM3A	SRR31361877.34605702	2.84e-21	3966	2
Homo_sapiens_XM_054342996.1-KDM3A	SRR31361877.97829247	9.90e-21	3966	2
Homo_sapiens_XM_054342996.1-KDM3A	SRR31361877.99412542	9.90e-21	3966	2
Homo_sapiens_XM_054342996.1-KDM3A	SRR31361883.98272367	9.90e-21	3966	2
Homo_sapiens_XM_054342996.1-KDM3A	SRR31361883.37866528	9.90e-21	3966	2
Homo_sapiens_XM_054342996.1-KDM3A	SRR31361882.53840257	9.90e-21	3966	2
Homo_sapiens_XM_054342996.1-KDM3A	SRR31361882.47450670	9.90e-21	3966	3
Homo_sapiens_XM_054342996.1-KDM3A	SRR31361882.44292924	9.90e-21	3966	2
Homo_sapiens_XM_054342996.1-KDM3A	SRR31361882.40164212	9.90e-21	3966	2
Homo_sapiens_XM_054342996.1-KDM3A	SRR31361882.37199892	9.90e-21	3966	2
Homo_sapiens_XM_054342996.1-KDM3A	SRR31361880.82603742	9.90e-21	3966	2
Homo_sapiens_XM_054342996.1-KDM3A	SRR31361880.70097931	9.90e-21	3966	2
Homo_sapiens_XM_054342996.1-KDM3A	SRR31361880.34267440	9.90e-21	3966	2
Homo_sapiens_XM_054342996.1-KDM3A	SRR31361880.31665589	9.90e-21	3966	2
Homo_sapiens_XM_054342996.1-KDM3A	SRR31361880.31665577	9.90e-21	3966	2
Homo_sapiens_XM_054342996.1-KDM3A	SRR31361880.3040247	9.90e-21	3966	2
Homo_sapiens_XM_054342996.1-KDM3A	SRR31361878.69419476	9.90e-21	3966	2
Homo_sapiens_XM_054342996.1-KDM3A	SRR31361878.63948295	9.90e-21	3966	2
Homo_sapiens_XM_054342996.1-KDM3A	SRR31361878.33565154	9.90e-21	3966	2
Homo_sapiens_XM_054342996.1-KDM3A	SRR31361878.33295679	9.90e-21	3966	2
Homo_sapiens_XM_054342996.1-KDM3A	SRR31361878.22769217	9.90e-21	3966	2
Homo_sapiens_XM_054342996.1-KDM3A	SRR31361878.19269936	9.90e-21	3966	2
Homo_sapiens_XM_054342996.1-KDM3A	SRR31361877.77545758	9.90e-21	3966	2
Homo_sapiens_XM_054342996.1-KDM3A	SRR31361877.76369681	9.90e-21	3966	2
Homo_sapiens_XM_054342996.1-KDM3A	SRR31361877.63405554	9.90e-21	3966	2
Homo_sapiens_XM_054342996.1-KDM3A	SRR31361877.27748471	9.90e-21	3966	2
Homo_sapiens_XM_054342996.1-KDM3A	SRR31361877.20144488	9.90e-21	3966	2
Homo_sapiens_XM_054342996.1-KDM3A	SRR31361877.16145901	9.90e-21	3966	2
Homo_sapiens_XM_054342996.1-KDM3A	SRR31361877.86467404	9.90e-21	3966	2
Homo_sapiens_XM_054342996.1-KDM3A	SRR31361877.79432858	9.90e-21	3966	2
Homo_sapiens_XM_054342996.1-KDM3A	SRR31361877.63531514	9.90e-21	3966	2
Homo_sapiens_XM_054342996.1-KDM3A	SRR31361877.47357229	9.90e-21	3966	2
Homo_sapiens_XM_054342996.1-KDM3A	SRR31361877.3223775	9.90e-21	3966	2
Homo_sapiens_XM_054342996.1-KDM3A	SRR31361884.87326955	3.46e-20	3966	3
Homo_sapiens_XM_054342996.1-KDM3A	SRR31361884.81241418	3.46e-20	3966	3
Homo_sapiens_XM_054342996.1-KDM3A	SRR31361883.91824560	3.46e-20	3966	3
Homo_sapiens_XM_054342996.1-KDM3A	SRR31361883.83446594	3.46e-20	3966	3
Homo_sapiens_XM_054342996.1-KDM3A	SRR31361882.11508349	3.46e-20	3966	3
Homo_sapiens_XM_054342996.1-KDM3A	SRR31361881.53306177	3.46e-20	3966	3
Homo_sapiens_XM_054342996.1-KDM3A	SRR31361881.40349698	3.46e-20	3966	3
Homo_sapiens_XM_054342996.1-KDM3A	SRR31361881.96672760	3.46e-20	3966	3
Homo_sapiens_XM_054342996.1-KDM3A	SRR31361881.77764121	3.46e-20	3966	3
Homo_sapiens_XM_054342996.1-KDM3A	SRR31361881.56238600	3.46e-20	3966	3
Homo_sapiens_XM_054342996.1-KDM3A	SRR31361877.52042901	3.46e-20	3966	3
Homo_sapiens_XM_054342996.1-KDM3A	SRR31361877.90918079	3.46e-20	3966	3
Homo_sapiens_XM_054342996.1-KDM3A	SRR31361877.22158289	3.46e-20	3966	3
Homo_sapiens_XM_054342996.1-KDM3A	SRR31361884.53795790	3.46e-20	3966	2
Homo_sapiens_XM_054342996.1-KDM3A	SRR31361882.7059760	3.46e-20	3966	2
Homo_sapiens_XM_054342996.1-KDM3A	SRR31361879.93504228	3.46e-20	3966	2
Homo_sapiens_XM_054342996.1-KDM3A	SRR31361878.59172508	3.46e-20	3966	2
Homo_sapiens_XM_054342996.1-KDM3A	SRR31361878.10689312	3.46e-20	3966	2
Homo_sapiens_XM_054342996.1-KDM3A	SRR31361878.29373302	3.46e-20	3966	2
Homo_sapiens_XM_054342996.1-KDM3A	SRR31361878.29373298	3.46e-20	3966	2
Homo_sapiens_XM_054342996.1-KDM3A	SRR31361878.24202621	3.46e-20	3966	2
Homo_sapiens_XM_054342996.1-KDM3A	SRR31361878.3687047	3.46e-20	3966	2
Homo_sapiens_XM_054342996.1-KDM3A	SRR31361877.71353363	3.46e-20	3966	2
Homo_sapiens_XM_054342996.1-KDM3A	SRR31361884.99165723	1.21e-19	3966	2
Homo_sapiens_XM_054342996.1-KDM3A	SRR31361884.98207557	1.21e-19	3966	2
Homo_sapiens_XM_054342996.1-KDM3A	SRR31361884.98207556	1.21e-19	3966	2
Homo_sapiens_XM_054342996.1-KDM3A	SRR31361884.4364893	1.21e-19	3966	2
Homo_sapiens_XM_054342996.1-KDM3A	SRR31361884.93420103	1.21e-19	3966	2
Homo_sapiens_XM_054342996.1-KDM3A	SRR31361884.63296372	1.21e-19	3966	2
Homo_sapiens_XM_054342996.1-KDM3A	SRR31361884.44288530	1.21e-19	3966	2
Homo_sapiens_XM_054342996.1-KDM3A	SRR31361883.16244131	1.21e-19	3966	2
Homo_sapiens_XM_054342996.1-KDM3A	SRR31361883.16200392	1.21e-19	3966	2
Homo_sapiens_XM_054342996.1-KDM3A	SRR31361882.60497040	1.21e-19	3966	2
Homo_sapiens_XM_054342996.1-KDM3A	SRR31361882.24789971	1.21e-19	3966	2
Homo_sapiens_XM_054342996.1-KDM3A	SRR31361882.15666451	1.21e-19	3966	2
Homo_sapiens_XM_054342996.1-KDM3A	SRR31361882.83804781	1.21e-19	3966	2
Homo_sapiens_XM_054342996.1-KDM3A	SRR31361880.66732067	1.21e-19	3966	2
Homo_sapiens_XM_054342996.1-KDM3A	SRR31361879.55633865	1.21e-19	3966	2
Homo_sapiens_XM_054342996.1-KDM3A	SRR31361878.99100155	1.21e-19	3966	2
Homo_sapiens_XM_054342996.1-KDM3A	SRR31361877.92762239	1.21e-19	3966	2
Homo_sapiens_XM_054342996.1-KDM3A	SRR31361877.78427033	1.21e-19	3966	2
Homo_sapiens_XM_054342996.1-KDM3A	SRR31361877.38301925	1.21e-19	3966	2
Homo_sapiens_XM_054342996.1-KDM3A	SRR31361877.86104251	1.21e-19	3966	2
Homo_sapiens_XM_054342996.1-KDM3A	SRR31361877.73785461	1.21e-19	3966	2
Homo_sapiens_XM_054342996.1-KDM3A	SRR31361877.61332301	1.21e-19	3966	2
Homo_sapiens_XM_054342996.1-KDM3A	SRR31361884.65248097	1.21e-19	3966	2
Homo_sapiens_XM_054342996.1-KDM3A	SRR31361884.56726182	1.21e-19	3966	2
Homo_sapiens_XM_054342996.1-KDM3A	SRR31361884.22424873	1.21e-19	3966	2
Homo_sapiens_XM_054342996.1-KDM3A	SRR31361884.24406948	1.21e-19	3966	2
Homo_sapiens_XM_054342996.1-KDM3A	SRR31361883.71877124	1.21e-19	3966	2
Homo_sapiens_XM_054342996.1-KDM3A	SRR31361883.67840786	1.21e-19	3966	2
Homo_sapiens_XM_054342996.1-KDM3A	SRR31361883.49941573	1.21e-19	3966	2
Homo_sapiens_XM_054342996.1-KDM3A	SRR31361883.89040108	1.21e-19	3966	2
Homo_sapiens_XM_054342996.1-KDM3A	SRR31361883.86966676	1.21e-19	3966	2
Homo_sapiens_XM_054342996.1-KDM3A	SRR31361883.16115360	1.21e-19	3966	2
Homo_sapiens_XM_054342996.1-KDM3A	SRR31361882.42123990	1.21e-19	3966	2
Homo_sapiens_XM_054342996.1-KDM3A	SRR31361882.41139652	1.21e-19	3966	2
Homo_sapiens_XM_054342996.1-KDM3A	SRR31361882.73885530	1.21e-19	3966	2
Homo_sapiens_XM_054342996.1-KDM3A	SRR31361882.72942981	1.21e-19	3966	2
Homo_sapiens_XM_054342996.1-KDM3A	SRR31361882.70401610	1.21e-19	3966	2
Homo_sapiens_XM_054342996.1-KDM3A	SRR31361882.26499384	1.21e-19	3966	2
Homo_sapiens_XM_054342996.1-KDM3A	SRR31361882.21848826	1.21e-19	3966	2
Homo_sapiens_XM_054342996.1-KDM3A	SRR31361882.21848825	1.21e-19	3966	2
Homo_sapiens_XM_054342996.1-KDM3A	SRR31361882.21209347	1.21e-19	3966	2
Homo_sapiens_XM_054342996.1-KDM3A	SRR31361879.93142069	1.21e-19	3966	2
Homo_sapiens_XM_054342996.1-KDM3A	SRR31361879.52874939	1.21e-19	3966	2
Homo_sapiens_XM_054342996.1-KDM3A	SRR31361879.47740041	1.21e-19	3966	2
Homo_sapiens_XM_054342996.1-KDM3A	SRR31361879.32922470	1.21e-19	3966	2
Homo_sapiens_XM_054342996.1-KDM3A	SRR31361879.32922469	1.21e-19	3966	2
Homo_sapiens_XM_054342996.1-KDM3A	SRR31361879.9069810	1.21e-19	3966	2
Homo_sapiens_XM_054342996.1-KDM3A	SRR31361878.3860929	1.21e-19	3966	2
Homo_sapiens_XM_054342996.1-KDM3A	SRR31361878.34854955	1.21e-19	3966	2
Homo_sapiens_XM_054342996.1-KDM3A	SRR31361878.13323828	1.21e-19	3966	2
Homo_sapiens_XM_054342996.1-KDM3A	SRR31361877.89238673	1.21e-19	3966	2
Homo_sapiens_XM_054342996.1-KDM3A	SRR31361877.86906596	1.21e-19	3966	2
Homo_sapiens_XM_054342996.1-KDM3A	SRR31361877.99299725	1.21e-19	3966	2
Homo_sapiens_XM_054342996.1-KDM3A	SRR31361877.98075422	1.21e-19	3966	2
Homo_sapiens_XM_054342996.1-KDM3A	SRR31361877.96412736	1.21e-19	3966	2
Homo_sapiens_XM_054342996.1-KDM3A	SRR31361877.86616885	1.21e-19	3966	2
Homo_sapiens_XM_054342996.1-KDM3A	SRR31361877.74311318	1.21e-19	3966	2
Homo_sapiens_XM_054342996.1-KDM3A	SRR31361877.71984480	1.21e-19	3966	2
Homo_sapiens_XM_054342996.1-KDM3A	SRR31361877.71508828	1.21e-19	3966	2
Homo_sapiens_XM_054342996.1-KDM3A	SRR31361877.47723470	1.21e-19	3966	2
Homo_sapiens_XM_054342996.1-KDM3A	SRR31361877.33095784	1.21e-19	3966	2
Homo_sapiens_XM_054342996.1-KDM3A	SRR31361877.26379252	1.21e-19	3966	2
Homo_sapiens_XM_054342996.1-KDM3A	SRR31361877.7445099	1.21e-19	3966	2
Homo_sapiens_XM_054342996.1-KDM3A	SRR31361877.3844517	1.21e-19	3966	2
Homo_sapiens_XM_054342996.1-KDM3A	SRR31361884.96776079	4.21e-19	3966	2
Homo_sapiens_XM_054342996.1-KDM3A	SRR31361884.85781431	4.21e-19	3966	2
Homo_sapiens_XM_054342996.1-KDM3A	SRR31361884.57723484	4.21e-19	3966	2
Homo_sapiens_XM_054342996.1-KDM3A	SRR31361884.27911799	4.21e-19	3966	2
Homo_sapiens_XM_054342996.1-KDM3A	SRR31361883.76569858	4.21e-19	3966	2
Homo_sapiens_XM_054342996.1-KDM3A	SRR31361883.98491488	4.21e-19	3966	2
Homo_sapiens_XM_054342996.1-KDM3A	SRR31361883.87674618	4.21e-19	3966	2
Homo_sapiens_XM_054342996.1-KDM3A	SRR31361883.80464116	4.21e-19	3966	2
Homo_sapiens_XM_054342996.1-KDM3A	SRR31361883.78157776	4.21e-19	3966	2
Homo_sapiens_XM_054342996.1-KDM3A	SRR31361883.61826215	4.21e-19	3966	2
Homo_sapiens_XM_054342996.1-KDM3A	SRR31361883.57549001	4.21e-19	3966	2
Homo_sapiens_XM_054342996.1-KDM3A	SRR31361883.55468659	4.21e-19	3966	2
Homo_sapiens_XM_054342996.1-KDM3A	SRR31361883.54151718	4.21e-19	3966	2
Homo_sapiens_XM_054342996.1-KDM3A	SRR31361883.50041742	4.21e-19	3966	2
Homo_sapiens_XM_054342996.1-KDM3A	SRR31361883.45445996	4.21e-19	3966	2
Homo_sapiens_XM_054342996.1-KDM3A	SRR31361883.44090144	4.21e-19	3966	2
Homo_sapiens_XM_054342996.1-KDM3A	SRR31361883.23681496	4.21e-19	3966	2
Homo_sapiens_XM_054342996.1-KDM3A	SRR31361883.22923030	4.21e-19	3966	2
Homo_sapiens_XM_054342996.1-KDM3A	SRR31361883.19361060	4.21e-19	3966	2
Homo_sapiens_XM_054342996.1-KDM3A	SRR31361883.16571048	4.21e-19	3966	2
Homo_sapiens_XM_054342996.1-KDM3A	SRR31361883.14755442	4.21e-19	3966	2
Homo_sapiens_XM_054342996.1-KDM3A	SRR31361883.9180582	4.21e-19	3966	2
Homo_sapiens_XM_054342996.1-KDM3A	SRR31361883.4605260	4.21e-19	3966	2
Homo_sapiens_XM_054342996.1-KDM3A	SRR31361882.98318009	4.21e-19	3966	2
Homo_sapiens_XM_054342996.1-KDM3A	SRR31361882.61642239	4.21e-19	3966	2
Homo_sapiens_XM_054342996.1-KDM3A	SRR31361882.36086084	4.21e-19	3966	2
Homo_sapiens_XM_054342996.1-KDM3A	SRR31361882.18692006	4.21e-19	3966	2
Homo_sapiens_XM_054342996.1-KDM3A	SRR31361882.4899917	4.21e-19	3966	2
Homo_sapiens_XM_054342996.1-KDM3A	SRR31361882.97344160	4.21e-19	3966	2
Homo_sapiens_XM_054342996.1-KDM3A	SRR31361882.88877131	4.21e-19	3966	2
Homo_sapiens_XM_054342996.1-KDM3A	SRR31361882.54885356	4.21e-19	3966	2
Homo_sapiens_XM_054342996.1-KDM3A	SRR31361881.98151742	4.21e-19	3966	2
Homo_sapiens_XM_054342996.1-KDM3A	SRR31361881.75415366	4.21e-19	3966	2
Homo_sapiens_XM_054342996.1-KDM3A	SRR31361881.35914481	4.21e-19	3966	2
Homo_sapiens_XM_054342996.1-KDM3A	SRR31361881.26240808	4.21e-19	3966	2
Homo_sapiens_XM_054342996.1-KDM3A	SRR31361881.26240803	4.21e-19	3966	2
Homo_sapiens_XM_054342996.1-KDM3A	SRR31361881.3608449	4.21e-19	3966	2
Homo_sapiens_XM_054342996.1-KDM3A	SRR31361881.1238366	4.21e-19	3966	2
Homo_sapiens_XM_054342996.1-KDM3A	SRR31361881.19008286	4.21e-19	3966	2
Homo_sapiens_XM_054342996.1-KDM3A	SRR31361880.83795110	4.21e-19	3966	2
Homo_sapiens_XM_054342996.1-KDM3A	SRR31361880.34262984	4.21e-19	3966	2
Homo_sapiens_XM_054342996.1-KDM3A	SRR31361880.78287321	4.21e-19	3966	2
Homo_sapiens_XM_054342996.1-KDM3A	SRR31361880.67986373	4.21e-19	3966	2
Homo_sapiens_XM_054342996.1-KDM3A	SRR31361880.37292853	4.21e-19	3966	2
Homo_sapiens_XM_054342996.1-KDM3A	SRR31361880.26819780	4.21e-19	3966	2
Homo_sapiens_XM_054342996.1-KDM3A	SRR31361879.89175826	4.21e-19	3966	2
Homo_sapiens_XM_054342996.1-KDM3A	SRR31361879.89175820	4.21e-19	3966	2
Homo_sapiens_XM_054342996.1-KDM3A	SRR31361879.87970982	4.21e-19	3966	2
Homo_sapiens_XM_054342996.1-KDM3A	SRR31361879.67135186	4.21e-19	3966	2
Homo_sapiens_XM_054342996.1-KDM3A	SRR31361879.5050664	4.21e-19	3966	2
Homo_sapiens_XM_054342996.1-KDM3A	SRR31361879.5050663	4.21e-19	3966	2
Homo_sapiens_XM_054342996.1-KDM3A	SRR31361879.3969519	4.21e-19	3966	2
Homo_sapiens_XM_054342996.1-KDM3A	SRR31361879.3969510	4.21e-19	3966	2
Homo_sapiens_XM_054342996.1-KDM3A	SRR31361879.77860099	4.21e-19	3966	2
Homo_sapiens_XM_054342996.1-KDM3A	SRR31361879.70658373	4.21e-19	3966	2
Homo_sapiens_XM_054342996.1-KDM3A	SRR31361879.68911406	4.21e-19	3966	2
Homo_sapiens_XM_054342996.1-KDM3A	SRR31361879.35602912	4.21e-19	3966	2
Homo_sapiens_XM_054342996.1-KDM3A	SRR31361879.19864412	4.21e-19	3966	2
Homo_sapiens_XM_054342996.1-KDM3A	SRR31361878.98468601	4.21e-19	3966	2
Homo_sapiens_XM_054342996.1-KDM3A	SRR31361878.89965584	4.21e-19	3966	2
Homo_sapiens_XM_054342996.1-KDM3A	SRR31361878.87955758	4.21e-19	3966	2
Homo_sapiens_XM_054342996.1-KDM3A	SRR31361878.70079392	4.21e-19	3966	2
Homo_sapiens_XM_054342996.1-KDM3A	SRR31361878.64234051	4.21e-19	3966	2
Homo_sapiens_XM_054342996.1-KDM3A	SRR31361878.37251316	4.21e-19	3966	2
Homo_sapiens_XM_054342996.1-KDM3A	SRR31361878.23072184	4.21e-19	3966	2
Homo_sapiens_XM_054342996.1-KDM3A	SRR31361878.58621482	4.21e-19	3966	2
Homo_sapiens_XM_054342996.1-KDM3A	SRR31361877.96952720	4.21e-19	3966	2
Homo_sapiens_XM_054342996.1-KDM3A	SRR31361877.91514865	4.21e-19	3966	2
Homo_sapiens_XM_054342996.1-KDM3A	SRR31361877.89727244	4.21e-19	3966	2
Homo_sapiens_XM_054342996.1-KDM3A	SRR31361877.88659959	4.21e-19	3966	2
Homo_sapiens_XM_054342996.1-KDM3A	SRR31361877.83243657	4.21e-19	3966	2
Homo_sapiens_XM_054342996.1-KDM3A	SRR31361877.74160019	4.21e-19	3966	2
Homo_sapiens_XM_054342996.1-KDM3A	SRR31361877.70156405	4.21e-19	3966	2
Homo_sapiens_XM_054342996.1-KDM3A	SRR31361877.64094892	4.21e-19	3966	2
Homo_sapiens_XM_054342996.1-KDM3A	SRR31361877.51116015	4.21e-19	3966	2
Homo_sapiens_XM_054342996.1-KDM3A	SRR31361877.45000310	4.21e-19	3966	2
Homo_sapiens_XM_054342996.1-KDM3A	SRR31361877.43542552	4.21e-19	3966	2
Homo_sapiens_XM_054342996.1-KDM3A	SRR31361877.35162348	4.21e-19	3966	2
Homo_sapiens_XM_054342996.1-KDM3A	SRR31361877.12363080	4.21e-19	3966	2
Homo_sapiens_XM_054342996.1-KDM3A	SRR31361877.7551909	4.21e-19	3966	2
Homo_sapiens_XM_054342996.1-KDM3A	SRR31361877.3746582	4.21e-19	3966	2
Homo_sapiens_XM_054342996.1-KDM3A	SRR31361877.86158099	4.21e-19	3966	2
Homo_sapiens_XM_054342996.1-KDM3A	SRR31361877.79503317	4.21e-19	3966	2
Homo_sapiens_XM_054342996.1-KDM3A	SRR31361877.77214083	4.21e-19	3966	2
Homo_sapiens_XM_054342996.1-KDM3A	SRR31361877.53990834	4.21e-19	3966	2
Homo_sapiens_XM_054342996.1-KDM3A	SRR31361877.47005879	4.21e-19	3966	2
Homo_sapiens_XM_054342996.1-KDM3A	SRR31361877.35109305	4.21e-19	3966	2
Homo_sapiens_XM_054342996.1-KDM3A	SRR31361877.33960139	4.21e-19	3966	2
Homo_sapiens_XM_054342996.1-KDM3A	SRR31361877.25678376	4.21e-19	3966	2
Homo_sapiens_XM_054342996.1-KDM3A	SRR31361877.23413003	4.21e-19	3966	2
Homo_sapiens_XM_054342996.1-KDM3A	SRR31361884.93420103	4.21e-19	3966	2
Homo_sapiens_XM_054342996.1-KDM3A	SRR31361884.85591261	4.21e-19	3966	3
Homo_sapiens_XM_054342996.1-KDM3A	SRR31361884.66537340	4.21e-19	3966	2
Homo_sapiens_XM_054342996.1-KDM3A	SRR31361884.63296372	4.21e-19	3966	2
Homo_sapiens_XM_054342996.1-KDM3A	SRR31361884.51162159	4.21e-19	3966	3
Homo_sapiens_XM_054342996.1-KDM3A	SRR31361884.48948473	4.21e-19	3966	3
Homo_sapiens_XM_054342996.1-KDM3A	SRR31361884.44288530	4.21e-19	3966	2
Homo_sapiens_XM_054342996.1-KDM3A	SRR31361884.29570770	4.21e-19	3966	2
Homo_sapiens_XM_054342996.1-KDM3A	SRR31361884.28017135	4.21e-19	3966	3
Homo_sapiens_XM_054342996.1-KDM3A	SRR31361884.18447681	4.21e-19	3966	3
Homo_sapiens_XM_054342996.1-KDM3A	SRR31361884.13544009	4.21e-19	3966	3
Homo_sapiens_XM_054342996.1-KDM3A	SRR31361884.13266041	4.21e-19	3966	3
Homo_sapiens_XM_054342996.1-KDM3A	SRR31361884.11177580	4.21e-19	3966	3
Homo_sapiens_XM_054342996.1-KDM3A	SRR31361884.4364893	4.21e-19	3966	2
Homo_sapiens_XM_054342996.1-KDM3A	SRR31361883.79728478	4.21e-19	3966	3
Homo_sapiens_XM_054342996.1-KDM3A	SRR31361883.77482312	4.21e-19	3966	2
Homo_sapiens_XM_054342996.1-KDM3A	SRR31361883.66865236	4.21e-19	3966	3
Homo_sapiens_XM_054342996.1-KDM3A	SRR31361883.57739057	4.21e-19	3966	2
Homo_sapiens_XM_054342996.1-KDM3A	SRR31361883.55229201	4.21e-19	3966	3
Homo_sapiens_XM_054342996.1-KDM3A	SRR31361883.37418140	4.21e-19	3966	3
Homo_sapiens_XM_054342996.1-KDM3A	SRR31361883.72104544	4.21e-19	3966	2
Homo_sapiens_XM_054342996.1-KDM3A	SRR31361883.35649847	4.21e-19	3966	2
Homo_sapiens_XM_054342996.1-KDM3A	SRR31361883.2705464	4.21e-19	3966	2
Homo_sapiens_XM_054342996.1-KDM3A	SRR31361882.66898082	4.21e-19	3966	2
Homo_sapiens_XM_054342996.1-KDM3A	SRR31361882.60736915	4.21e-19	3966	3
Homo_sapiens_XM_054342996.1-KDM3A	SRR31361882.60187309	4.21e-19	3966	3
Homo_sapiens_XM_054342996.1-KDM3A	SRR31361882.60187308	4.21e-19	3966	3
Homo_sapiens_XM_054342996.1-KDM3A	SRR31361882.39135476	4.21e-19	3966	3
Homo_sapiens_XM_054342996.1-KDM3A	SRR31361882.11730965	4.21e-19	3966	3
Homo_sapiens_XM_054342996.1-KDM3A	SRR31361880.82472686	4.21e-19	3966	3
Homo_sapiens_XM_054342996.1-KDM3A	SRR31361880.72844329	4.21e-19	3966	3
Homo_sapiens_XM_054342996.1-KDM3A	SRR31361880.62201392	4.21e-19	3966	2
Homo_sapiens_XM_054342996.1-KDM3A	SRR31361880.49755412	4.21e-19	3966	3
Homo_sapiens_XM_054342996.1-KDM3A	SRR31361880.46290837	4.21e-19	3966	3
Homo_sapiens_XM_054342996.1-KDM3A	SRR31361880.35576688	4.21e-19	3966	3
Homo_sapiens_XM_054342996.1-KDM3A	SRR31361880.33014247	4.21e-19	3966	2
Homo_sapiens_XM_054342996.1-KDM3A	SRR31361880.15942033	4.21e-19	3966	2
Homo_sapiens_XM_054342996.1-KDM3A	SRR31361880.1178714	4.21e-19	3966	3
Homo_sapiens_XM_054342996.1-KDM3A	SRR31361880.78287331	4.21e-19	3966	2
Homo_sapiens_XM_054342996.1-KDM3A	SRR31361880.6533333	4.21e-19	3966	3
Homo_sapiens_XM_054342996.1-KDM3A	SRR31361879.94037835	4.21e-19	3966	2
Homo_sapiens_XM_054342996.1-KDM3A	SRR31361879.76808337	4.21e-19	3966	2
Homo_sapiens_XM_054342996.1-KDM3A	SRR31361878.84759725	4.21e-19	3966	3
Homo_sapiens_XM_054342996.1-KDM3A	SRR31361878.80615526	4.21e-19	3966	3
Homo_sapiens_XM_054342996.1-KDM3A	SRR31361878.75895816	4.21e-19	3966	3
Homo_sapiens_XM_054342996.1-KDM3A	SRR31361878.72785947	4.21e-19	3966	2
Homo_sapiens_XM_054342996.1-KDM3A	SRR31361878.59840553	4.21e-19	3966	3
Homo_sapiens_XM_054342996.1-KDM3A	SRR31361878.39324745	4.21e-19	3966	2
Homo_sapiens_XM_054342996.1-KDM3A	SRR31361878.17913946	4.21e-19	3966	2
Homo_sapiens_XM_054342996.1-KDM3A	SRR31361878.99492193	4.21e-19	3966	2
Homo_sapiens_XM_054342996.1-KDM3A	SRR31361878.97375960	4.21e-19	3966	2
Homo_sapiens_XM_054342996.1-KDM3A	SRR31361878.95911176	4.21e-19	3966	2
Homo_sapiens_XM_054342996.1-KDM3A	SRR31361878.6335816	4.21e-19	3966	2
Homo_sapiens_XM_054342996.1-KDM3A	SRR31361878.3571447	4.21e-19	3966	2
Homo_sapiens_XM_054342996.1-KDM3A	SRR31361877.77582327	4.21e-19	3966	3
Homo_sapiens_XM_054342996.1-KDM3A	SRR31361877.77582326	4.21e-19	3966	3
Homo_sapiens_XM_054342996.1-KDM3A	SRR31361877.70716623	4.21e-19	3966	2
Homo_sapiens_XM_054342996.1-KDM3A	SRR31361877.69722633	4.21e-19	3966	3
Homo_sapiens_XM_054342996.1-KDM3A	SRR31361877.58084287	4.21e-19	3966	3
Homo_sapiens_XM_054342996.1-KDM3A	SRR31361877.44159776	4.21e-19	3966	2
Homo_sapiens_XM_054342996.1-KDM3A	SRR31361877.42673160	4.21e-19	3966	2
Homo_sapiens_XM_054342996.1-KDM3A	SRR31361877.34187510	4.21e-19	3966	2
Homo_sapiens_XM_054342996.1-KDM3A	SRR31361877.21650060	4.21e-19	3966	2
Homo_sapiens_XM_054342996.1-KDM3A	SRR31361877.1501922	4.21e-19	3966	2
Homo_sapiens_XM_054342996.1-KDM3A	SRR31361877.99188580	4.21e-19	3966	3
Homo_sapiens_XM_054342996.1-KDM3A	SRR31361877.92068993	4.21e-19	3966	2
Homo_sapiens_XM_054342996.1-KDM3A	SRR31361877.89149670	4.21e-19	3966	2
Homo_sapiens_XM_054342996.1-KDM3A	SRR31361877.80027150	4.21e-19	3966	2
Homo_sapiens_XM_054342996.1-KDM3A	SRR31361877.70706760	4.21e-19	3966	3
Homo_sapiens_XM_054342996.1-KDM3A	SRR31361877.57238290	4.21e-19	3966	2
Homo_sapiens_XM_054342996.1-KDM3A	SRR31361877.57238289	4.21e-19	3966	2
Homo_sapiens_XM_054342996.1-KDM3A	SRR31361877.51563185	4.21e-19	3966	2
Homo_sapiens_XM_054342996.1-KDM3A	SRR31361877.43860853	4.21e-19	3966	2
Homo_sapiens_XM_054342996.1-KDM3A	SRR31361877.34042533	4.21e-19	3966	3
Homo_sapiens_XM_054342996.1-KDM3A	SRR31361877.29101446	4.21e-19	3966	3
Homo_sapiens_XM_054342996.1-KDM3A	SRR31361877.23693818	4.21e-19	3966	3
Homo_sapiens_XM_054342996.1-KDM3A	SRR31361877.18417988	4.21e-19	3966	2
Homo_sapiens_XM_054342996.1-KDM3A	SRR31361877.5444376	4.21e-19	3966	3
Homo_sapiens_XM_054342996.1-KDM3A	SRR31361884.98718009	1.47e-18	3966	2
Homo_sapiens_XM_054342996.1-KDM3A	SRR31361880.96185367	1.47e-18	3966	2
Homo_sapiens_XM_054342996.1-KDM3A	SRR31361880.53165375	1.47e-18	3966	2
Homo_sapiens_XM_054342996.1-KDM3A	SRR31361879.19980491	1.47e-18	3966	2
Homo_sapiens_XM_054342996.1-KDM3A	SRR31361878.14388650	1.47e-18	3966	2
Homo_sapiens_XM_054342996.1-KDM3A	SRR31361878.47091394	1.47e-18	3966	2
Homo_sapiens_XM_054342996.1-KDM3A	SRR31361878.17913116	1.47e-18	3966	2
Homo_sapiens_XM_054342996.1-KDM3A	SRR31361878.3687049	1.47e-18	3966	2
Homo_sapiens_XM_054342996.1-KDM3A	SRR31361877.84746264	1.47e-18	3966	2
Homo_sapiens_XM_054342996.1-KDM3A	SRR31361877.66892088	1.47e-18	3966	2
Homo_sapiens_XM_054342996.1-KDM3A	SRR31361877.53634757	1.47e-18	3966	2
Homo_sapiens_XM_054342996.1-KDM3A	SRR31361877.97124090	1.47e-18	3966	2
Homo_sapiens_XM_054342996.1-KDM3A	SRR31361884.50976690	1.47e-18	3966	2
Homo_sapiens_XM_054342996.1-KDM3A	SRR31361883.78927889	1.47e-18	3966	2
Homo_sapiens_XM_054342996.1-KDM3A	SRR31361883.67446077	1.47e-18	3966	2
Homo_sapiens_XM_054342996.1-KDM3A	SRR31361883.56710379	1.47e-18	3966	2
Homo_sapiens_XM_054342996.1-KDM3A	SRR31361883.37932705	1.47e-18	3966	2
Homo_sapiens_XM_054342996.1-KDM3A	SRR31361882.32384951	1.47e-18	3966	2
Homo_sapiens_XM_054342996.1-KDM3A	SRR31361882.95132452	1.47e-18	3966	2
Homo_sapiens_XM_054342996.1-KDM3A	SRR31361880.47480698	1.47e-18	3966	2
Homo_sapiens_XM_054342996.1-KDM3A	SRR31361879.38567786	1.47e-18	3966	2
Homo_sapiens_XM_054342996.1-KDM3A	SRR31361879.38567785	1.47e-18	3966	2
Homo_sapiens_XM_054342996.1-KDM3A	SRR31361879.1470395	1.47e-18	3966	2
Homo_sapiens_XM_054342996.1-KDM3A	SRR31361878.15767537	1.47e-18	3966	2
Homo_sapiens_XM_054342996.1-KDM3A	SRR31361878.41326726	1.47e-18	3966	2
Homo_sapiens_XM_054342996.1-KDM3A	SRR31361877.93240854	1.47e-18	3966	2
Homo_sapiens_XM_054342996.1-KDM3A	SRR31361877.65945966	1.47e-18	3966	2
Homo_sapiens_XM_054342996.1-KDM3A	SRR31361877.35334863	1.47e-18	3966	2
Homo_sapiens_XM_054342996.1-KDM3A	SRR31361877.8185613	1.47e-18	3966	2
Homo_sapiens_XM_054342996.1-KDM3A	SRR31361877.98780673	1.47e-18	3966	2
Homo_sapiens_XM_054342996.1-KDM3A	SRR31361877.97151897	1.47e-18	3966	2
Homo_sapiens_XM_054342996.1-KDM3A	SRR31361877.68995979	1.47e-18	3966	2
Homo_sapiens_XM_054342996.1-KDM3A	SRR31361884.81674005	5.13e-18	3966	2
Homo_sapiens_XM_054342996.1-KDM3A	SRR31361884.63769112	5.13e-18	3966	2
Homo_sapiens_XM_054342996.1-KDM3A	SRR31361884.61463863	5.13e-18	3966	2
Homo_sapiens_XM_054342996.1-KDM3A	SRR31361884.47290484	5.13e-18	3966	2
Homo_sapiens_XM_054342996.1-KDM3A	SRR31361884.32293399	5.13e-18	3966	2
Homo_sapiens_XM_054342996.1-KDM3A	SRR31361884.28982968	5.13e-18	3966	2
Homo_sapiens_XM_054342996.1-KDM3A	SRR31361884.21432884	5.13e-18	3966	2
Homo_sapiens_XM_054342996.1-KDM3A	SRR31361884.21432879	5.13e-18	3966	2
Homo_sapiens_XM_054342996.1-KDM3A	SRR31361884.13417190	5.13e-18	3966	2
Homo_sapiens_XM_054342996.1-KDM3A	SRR31361884.84255024	5.13e-18	3966	2
Homo_sapiens_XM_054342996.1-KDM3A	SRR31361884.78885235	5.13e-18	3966	2
Homo_sapiens_XM_054342996.1-KDM3A	SRR31361884.77560549	5.13e-18	3966	2
Homo_sapiens_XM_054342996.1-KDM3A	SRR31361884.6965242	5.13e-18	3966	2
Homo_sapiens_XM_054342996.1-KDM3A	SRR31361883.80763832	5.13e-18	3966	2
Homo_sapiens_XM_054342996.1-KDM3A	SRR31361883.90801549	5.13e-18	3966	2
Homo_sapiens_XM_054342996.1-KDM3A	SRR31361883.52530524	5.13e-18	3966	2
Homo_sapiens_XM_054342996.1-KDM3A	SRR31361883.48896737	5.13e-18	3966	2
Homo_sapiens_XM_054342996.1-KDM3A	SRR31361882.47587627	5.13e-18	3966	2
Homo_sapiens_XM_054342996.1-KDM3A	SRR31361881.59136220	5.13e-18	3966	2
Homo_sapiens_XM_054342996.1-KDM3A	SRR31361881.80355870	5.13e-18	3966	2
Homo_sapiens_XM_054342996.1-KDM3A	SRR31361879.43075498	5.13e-18	3966	2
Homo_sapiens_XM_054342996.1-KDM3A	SRR31361879.89313825	5.13e-18	3966	2
Homo_sapiens_XM_054342996.1-KDM3A	SRR31361878.87485577	5.13e-18	3966	2
Homo_sapiens_XM_054342996.1-KDM3A	SRR31361878.79812618	5.13e-18	3966	2
Homo_sapiens_XM_054342996.1-KDM3A	SRR31361878.67712079	5.13e-18	3966	2
Homo_sapiens_XM_054342996.1-KDM3A	SRR31361878.52070906	5.13e-18	3966	2
Homo_sapiens_XM_054342996.1-KDM3A	SRR31361877.91126584	5.13e-18	3966	2
Homo_sapiens_XM_054342996.1-KDM3A	SRR31361877.80064616	5.13e-18	3966	2
Homo_sapiens_XM_054342996.1-KDM3A	SRR31361877.74182651	5.13e-18	3966	2
Homo_sapiens_XM_054342996.1-KDM3A	SRR31361877.69253219	5.13e-18	3966	2
Homo_sapiens_XM_054342996.1-KDM3A	SRR31361877.52088560	5.13e-18	3966	2
Homo_sapiens_XM_054342996.1-KDM3A	SRR31361877.31131936	5.13e-18	3966	2
Homo_sapiens_XM_054342996.1-KDM3A	SRR31361877.5145108	5.13e-18	3966	2
Homo_sapiens_XM_054342996.1-KDM3A	SRR31361877.2574445	5.13e-18	3966	2
Homo_sapiens_XM_054342996.1-KDM3A	SRR31361877.87723461	5.13e-18	3966	2
Homo_sapiens_XM_054342996.1-KDM3A	SRR31361877.86616879	5.13e-18	3966	2
Homo_sapiens_XM_054342996.1-KDM3A	SRR31361877.85724874	5.13e-18	3966	2
Homo_sapiens_XM_054342996.1-KDM3A	SRR31361877.57305384	5.13e-18	3966	2
Homo_sapiens_XM_054342996.1-KDM3A	SRR31361877.47963721	5.13e-18	3966	2
Homo_sapiens_XM_054342996.1-KDM3A	SRR31361877.19020418	5.13e-18	3966	2
Homo_sapiens_XM_054342996.1-KDM3A	SRR31361877.13939333	5.13e-18	3966	2
Homo_sapiens_XM_054342996.1-KDM3A	SRR31361877.9234574	5.13e-18	3966	2
Homo_sapiens_XM_054342996.1-KDM3A	SRR31361884.97131354	5.13e-18	3966	2
Homo_sapiens_XM_054342996.1-KDM3A	SRR31361884.95689373	5.13e-18	3966	2
Homo_sapiens_XM_054342996.1-KDM3A	SRR31361884.84617989	5.13e-18	3966	2
Homo_sapiens_XM_054342996.1-KDM3A	SRR31361884.84199042	5.13e-18	3966	2
Homo_sapiens_XM_054342996.1-KDM3A	SRR31361884.77354493	5.13e-18	3966	2
Homo_sapiens_XM_054342996.1-KDM3A	SRR31361884.72863590	5.13e-18	3966	2
Homo_sapiens_XM_054342996.1-KDM3A	SRR31361884.63571743	5.13e-18	3966	2
Homo_sapiens_XM_054342996.1-KDM3A	SRR31361884.60931705	5.13e-18	3966	2
Homo_sapiens_XM_054342996.1-KDM3A	SRR31361884.48746355	5.13e-18	3966	2
Homo_sapiens_XM_054342996.1-KDM3A	SRR31361884.48746354	5.13e-18	3966	2
Homo_sapiens_XM_054342996.1-KDM3A	SRR31361884.47293966	5.13e-18	3966	2
Homo_sapiens_XM_054342996.1-KDM3A	SRR31361884.47293961	5.13e-18	3966	2
Homo_sapiens_XM_054342996.1-KDM3A	SRR31361884.41284011	5.13e-18	3966	2
Homo_sapiens_XM_054342996.1-KDM3A	SRR31361884.35069150	5.13e-18	3966	2
Homo_sapiens_XM_054342996.1-KDM3A	SRR31361884.18589894	5.13e-18	3966	2
Homo_sapiens_XM_054342996.1-KDM3A	SRR31361884.14470812	5.13e-18	3966	2
Homo_sapiens_XM_054342996.1-KDM3A	SRR31361884.7997384	5.13e-18	3966	2
Homo_sapiens_XM_054342996.1-KDM3A	SRR31361884.1932397	5.13e-18	3966	2
Homo_sapiens_XM_054342996.1-KDM3A	SRR31361884.97038337	5.13e-18	3966	2
Homo_sapiens_XM_054342996.1-KDM3A	SRR31361884.90478265	5.13e-18	3966	2
Homo_sapiens_XM_054342996.1-KDM3A	SRR31361884.84682037	5.13e-18	3966	2
Homo_sapiens_XM_054342996.1-KDM3A	SRR31361884.80004403	5.13e-18	3966	2
Homo_sapiens_XM_054342996.1-KDM3A	SRR31361884.77310569	5.13e-18	3966	2
Homo_sapiens_XM_054342996.1-KDM3A	SRR31361884.77310568	5.13e-18	3966	2
Homo_sapiens_XM_054342996.1-KDM3A	SRR31361884.63571743	5.13e-18	3966	2
Homo_sapiens_XM_054342996.1-KDM3A	SRR31361884.35417833	5.13e-18	3966	2
Homo_sapiens_XM_054342996.1-KDM3A	SRR31361884.29154038	5.13e-18	3966	2
Homo_sapiens_XM_054342996.1-KDM3A	SRR31361884.24165628	5.13e-18	3966	2
Homo_sapiens_XM_054342996.1-KDM3A	SRR31361884.14470812	5.13e-18	3966	2
Homo_sapiens_XM_054342996.1-KDM3A	SRR31361883.93566696	5.13e-18	3966	2
Homo_sapiens_XM_054342996.1-KDM3A	SRR31361883.72010029	5.13e-18	3966	2
Homo_sapiens_XM_054342996.1-KDM3A	SRR31361883.69922321	5.13e-18	3966	2
Homo_sapiens_XM_054342996.1-KDM3A	SRR31361883.66852139	5.13e-18	3966	2
Homo_sapiens_XM_054342996.1-KDM3A	SRR31361883.10038689	5.13e-18	3966	2
Homo_sapiens_XM_054342996.1-KDM3A	SRR31361883.59237580	5.13e-18	3966	2
Homo_sapiens_XM_054342996.1-KDM3A	SRR31361883.58626362	5.13e-18	3966	2
Homo_sapiens_XM_054342996.1-KDM3A	SRR31361883.57818830	5.13e-18	3966	2
Homo_sapiens_XM_054342996.1-KDM3A	SRR31361883.45807378	5.13e-18	3966	2
Homo_sapiens_XM_054342996.1-KDM3A	SRR31361883.41650396	5.13e-18	3966	2
Homo_sapiens_XM_054342996.1-KDM3A	SRR31361883.38982454	5.13e-18	3966	2
Homo_sapiens_XM_054342996.1-KDM3A	SRR31361883.17817504	5.13e-18	3966	2
Homo_sapiens_XM_054342996.1-KDM3A	SRR31361883.17125139	5.13e-18	3966	2
Homo_sapiens_XM_054342996.1-KDM3A	SRR31361883.13019671	5.13e-18	3966	2
Homo_sapiens_XM_054342996.1-KDM3A	SRR31361883.12593722	5.13e-18	3966	2
Homo_sapiens_XM_054342996.1-KDM3A	SRR31361883.5593368	5.13e-18	3966	2
Homo_sapiens_XM_054342996.1-KDM3A	SRR31361882.73078600	5.13e-18	3966	2
Homo_sapiens_XM_054342996.1-KDM3A	SRR31361882.73078599	5.13e-18	3966	2
Homo_sapiens_XM_054342996.1-KDM3A	SRR31361882.65141354	5.13e-18	3966	2
Homo_sapiens_XM_054342996.1-KDM3A	SRR31361882.30460114	5.13e-18	3966	2
Homo_sapiens_XM_054342996.1-KDM3A	SRR31361882.22550917	5.13e-18	3966	2
Homo_sapiens_XM_054342996.1-KDM3A	SRR31361882.20986256	5.13e-18	3966	2
Homo_sapiens_XM_054342996.1-KDM3A	SRR31361882.18532548	5.13e-18	3966	2
Homo_sapiens_XM_054342996.1-KDM3A	SRR31361882.11817184	5.13e-18	3966	2
Homo_sapiens_XM_054342996.1-KDM3A	SRR31361882.96243973	5.13e-18	3966	2
Homo_sapiens_XM_054342996.1-KDM3A	SRR31361882.82328934	5.13e-18	3966	2
Homo_sapiens_XM_054342996.1-KDM3A	SRR31361882.75260448	5.13e-18	3966	2
Homo_sapiens_XM_054342996.1-KDM3A	SRR31361882.64705436	5.13e-18	3966	2
Homo_sapiens_XM_054342996.1-KDM3A	SRR31361882.64705435	5.13e-18	3966	2
Homo_sapiens_XM_054342996.1-KDM3A	SRR31361882.45590603	5.13e-18	3966	2
Homo_sapiens_XM_054342996.1-KDM3A	SRR31361882.40343431	5.13e-18	3966	2
Homo_sapiens_XM_054342996.1-KDM3A	SRR31361882.28237767	5.13e-18	3966	2
Homo_sapiens_XM_054342996.1-KDM3A	SRR31361882.25930626	5.13e-18	3966	2
Homo_sapiens_XM_054342996.1-KDM3A	SRR31361882.15819931	5.13e-18	3966	2
Homo_sapiens_XM_054342996.1-KDM3A	SRR31361882.15744796	5.13e-18	3966	2
Homo_sapiens_XM_054342996.1-KDM3A	SRR31361882.4174579	5.13e-18	3966	2
Homo_sapiens_XM_054342996.1-KDM3A	SRR31361882.2348869	5.13e-18	3966	2
Homo_sapiens_XM_054342996.1-KDM3A	SRR31361882.1854912	5.13e-18	3966	2
Homo_sapiens_XM_054342996.1-KDM3A	SRR31361881.97842205	5.13e-18	3966	2
Homo_sapiens_XM_054342996.1-KDM3A	SRR31361881.91544297	5.13e-18	3966	2
Homo_sapiens_XM_054342996.1-KDM3A	SRR31361881.76438131	5.13e-18	3966	2
Homo_sapiens_XM_054342996.1-KDM3A	SRR31361881.70137283	5.13e-18	3966	2
Homo_sapiens_XM_054342996.1-KDM3A	SRR31361881.45133418	5.13e-18	3966	2
Homo_sapiens_XM_054342996.1-KDM3A	SRR31361881.39489461	5.13e-18	3966	2
Homo_sapiens_XM_054342996.1-KDM3A	SRR31361881.27358804	5.13e-18	3966	2
Homo_sapiens_XM_054342996.1-KDM3A	SRR31361881.27244603	5.13e-18	3966	2
Homo_sapiens_XM_054342996.1-KDM3A	SRR31361881.13160895	5.13e-18	3966	2
Homo_sapiens_XM_054342996.1-KDM3A	SRR31361881.79402828	5.13e-18	3966	2
Homo_sapiens_XM_054342996.1-KDM3A	SRR31361881.64088292	5.13e-18	3966	2
Homo_sapiens_XM_054342996.1-KDM3A	SRR31361881.49562121	5.13e-18	3966	2
Homo_sapiens_XM_054342996.1-KDM3A	SRR31361881.17231124	5.13e-18	3966	2
Homo_sapiens_XM_054342996.1-KDM3A	SRR31361881.14403188	5.13e-18	3966	2
Homo_sapiens_XM_054342996.1-KDM3A	SRR31361880.75561874	5.13e-18	3966	2
Homo_sapiens_XM_054342996.1-KDM3A	SRR31361880.68764456	5.13e-18	3966	2
Homo_sapiens_XM_054342996.1-KDM3A	SRR31361880.32181184	5.13e-18	3966	2
Homo_sapiens_XM_054342996.1-KDM3A	SRR31361880.22566434	5.13e-18	3966	2
Homo_sapiens_XM_054342996.1-KDM3A	SRR31361880.71484597	5.13e-18	3966	2
Homo_sapiens_XM_054342996.1-KDM3A	SRR31361880.60762197	5.13e-18	3966	2
Homo_sapiens_XM_054342996.1-KDM3A	SRR31361880.55908332	5.13e-18	3966	2
Homo_sapiens_XM_054342996.1-KDM3A	SRR31361880.41200557	5.13e-18	3966	2
Homo_sapiens_XM_054342996.1-KDM3A	SRR31361880.30928839	5.13e-18	3966	2
Homo_sapiens_XM_054342996.1-KDM3A	SRR31361880.30928838	5.13e-18	3966	2
Homo_sapiens_XM_054342996.1-KDM3A	SRR31361880.15804257	5.13e-18	3966	2
Homo_sapiens_XM_054342996.1-KDM3A	SRR31361879.94045829	5.13e-18	3966	2
Homo_sapiens_XM_054342996.1-KDM3A	SRR31361879.77225250	5.13e-18	3966	2
Homo_sapiens_XM_054342996.1-KDM3A	SRR31361879.67965428	5.13e-18	3966	2
Homo_sapiens_XM_054342996.1-KDM3A	SRR31361879.61853849	5.13e-18	3966	2
Homo_sapiens_XM_054342996.1-KDM3A	SRR31361879.61333586	5.13e-18	3966	2
Homo_sapiens_XM_054342996.1-KDM3A	SRR31361879.5591146	5.13e-18	3966	2
Homo_sapiens_XM_054342996.1-KDM3A	SRR31361879.5591135	5.13e-18	3966	2
Homo_sapiens_XM_054342996.1-KDM3A	SRR31361879.95193383	5.13e-18	3966	2
Homo_sapiens_XM_054342996.1-KDM3A	SRR31361879.94738181	5.13e-18	3966	2
Homo_sapiens_XM_054342996.1-KDM3A	SRR31361879.78647711	5.13e-18	3966	2
Homo_sapiens_XM_054342996.1-KDM3A	SRR31361879.76363744	5.13e-18	3966	2
Homo_sapiens_XM_054342996.1-KDM3A	SRR31361879.75525845	5.13e-18	3966	2
Homo_sapiens_XM_054342996.1-KDM3A	SRR31361879.74664944	5.13e-18	3966	2
Homo_sapiens_XM_054342996.1-KDM3A	SRR31361879.59574385	5.13e-18	3966	2
Homo_sapiens_XM_054342996.1-KDM3A	SRR31361879.53898280	5.13e-18	3966	2
Homo_sapiens_XM_054342996.1-KDM3A	SRR31361879.49692197	5.13e-18	3966	2
Homo_sapiens_XM_054342996.1-KDM3A	SRR31361879.49692196	5.13e-18	3966	2
Homo_sapiens_XM_054342996.1-KDM3A	SRR31361879.45407481	5.13e-18	3966	2
Homo_sapiens_XM_054342996.1-KDM3A	SRR31361879.45407473	5.13e-18	3966	2
Homo_sapiens_XM_054342996.1-KDM3A	SRR31361879.21902228	5.13e-18	3966	2
Homo_sapiens_XM_054342996.1-KDM3A	SRR31361879.21366910	5.13e-18	3966	2
